{
   "type":"object",
   "properties":{
      "txnSettlementExcId":{
         "type":"string",
         "minLength":1,
         "pattern":"^[0-9]+$"
      },
      "settlementTxnKey":{
         "type":"string",
         "minLength":1,
         "pattern":"^[0-9]+$"
      },
      "processDate":{
         "type":"string",
         "minLength":1,
         "pattern":"^[0-9]+$"
      },
      "businessDate":{
         "type":"string",
         "minLength":1,
         "pattern":"^[0-9]+$"
      },
       "tenantCode":{
         "type":"string",
         "minLength":1,
         "pattern":"^[a-zA-Z]+$"
      }
   },
   "required":[
      "txnSettlementExcId",
      "settlementTxnKey",
      "processDate",
      "businessDate",
      "tenantCode"
   ],
   "additionalProperties":true
}