{
   "type":"object",
   "properties":{
      "id":{
         "type":["string","null"],
         "minLength":1,
         "maxLength":18,
         "pattern":"^[0-9]+$"
      },
      "source":{
         "type":["string","null"],
         "minLength":1,
         "maxLength":3,
         "pattern":"^[a-zA-Z]+$"
      },
      "type":{
         "type":["string","null"],
         "minLength":1
      },
      "contentType":{
         "type":["string","null"],
         "minLength":1
      },
      "data":{
         "type": "object",
         "properties":{
            "pgPmntId":{
               "type":["string","null"],
               "minLength":1,
               "pattern":"^[0-9]+$"
            },
            "merchTrackId":{
               "type":["string","null"],
               "minLength":1,
               "pattern":"^[0-9]+$"
            },
            "discrim":{
               "type":["string","null"],
               "minLength":1,
               "pattern":"^[0-9]+$"
            },
            "tranDatTim":{
               "type":["string","null"],
               "minLength":1
            },
            "amt":{
               "type":["string","null"],
               "minLength":1,
               "pattern":"^[0-9]+$"
            },
            "pan":{
               "type":["string","null"],
               "minLength":1
            },
            "merchantId":{
               "type":["string","null"],
               "minLength":1,
               "pattern":"^[0-9a-zA-Z]+$"
            },
            "paymentCode":{
               "type":["string","null"],
               "minLength":1,
               "pattern":"^[a-zA-Z]+$"
            },
            "subChannel":{
               "type":["string","null"],
               "pattern":"^[0-9]+$"
            },
            "subChannelRequestId":{
               "type":["string","null"],
               "minLength":1,
               "pattern":"^[0-9]+$"
            },
             "pgTxnID":{
               "type":"string",
               "minLength":1,
               "pattern":"^[0-9]+$"
            },
            "tenantCode":{
               "type":["string"],
               "minLength":1,
               "maxLength":3,
               "pattern":"^[0-9a-zA-Z]+$"
            },
            "body":{
               "type": "object",
               "properties":{
                  "StdFlds":{
                     "type": "object",
                     "properties":{
                        
                        "procCode":{
                           "type":["string","null"],
                           "minLength":1,
                           "maxLength":6,
                           "pattern":"^[0-9a-zA-Z]+$"
                        },
                        "txnAmt":{
                           "type":["string","null"],
                           "minLength":1,
                           "maxLength":12,
                           "pattern":"^[0-9]+$"
                        },
                        "reconAmt":{
                           "type":["string","null"],
                           "maxLength":12,
                           "pattern":"^[0-9]+$"
                        },
                        "chbAmt":{
                           "type":["string","null"],
                           "maxLength":12,
                           "pattern":"^[0-9]+$"
                        },
                        "transmissionDateTime":{
                           "type":["string","null"],
                           "minLength":1,
                           "maxLength":10,
                           "pattern":"^[0-9]+$"
                        },
                        "reconConvRate":{
                           "type":["string","null"],
                           "maxLength":8,
                           "pattern":"^[0-9]+$"
                        },
                        "chbConvRate":{
                           "type":["string","null"],
                           "maxLength":8,
                           "pattern":"^[0-9]+$"
                        },
                        "stan":{
                           "type":["string","null"],
                           "minLength":1,
                           "maxLength":6,
                           "pattern":"^[0-9]+$"
                        },
                        "localDateTime":{
                           "type":["string","null"],
                           "minLength":1,
                           "maxLength":14,
                           "pattern":"^[0-9]+$"
                        },
                        "effDate":{
                           "type":["string","null"],
                           "maxLength":4,
                           "pattern":"^[0-9]+$"
                        },
                        "setlDate":{
                           "type":["string","null"],
                           "maxLength":6,
                           "pattern":"^[0-9]+$"
                        },
                        "convDate":{
                           "type":["string","null"],
                           "maxLength":4,
                           "pattern":"^[0-9]+$"
                        },
                        "captureDate":{
                           "type":["string","null"],
                           "maxLength":4,
                           "pattern":"^[0-9]+$"
                        },
                        "merchType":{
                           "type":["string","null"],
                           "minLength":1,
                           "maxLength":4,
                           "pattern":"^[0-9]+$"
                        },
                        "acqInstCntryCode":{
                           "type":["string","null"],
                           "maxLength":3,
                           "pattern":"^[0-9]+$"
                        },
                        "forwdInstCntryCode":{
                           "type":["string","null"],
                           "maxLength":3,
                           "pattern":"^[0-9]+$"
                        },
                        "ptSvcEntryMde":{
                           "type":["string","null"],
                           "minLength":1,
                           "maxLength":3,
                           "pattern":"^[0-9a-zA-Z]+$"
                        },
                        "crdSeqNum":{
                           "type":["string","null"],
                           "maxLength":3,
                           "pattern":"^[0-9]+$"
                        },
                        "functionCode":{
                           "type":["string","null"],
                           "maxLength":3,
                           "pattern":"^[0-9]+$"
                        },
                        "msgRsnCode":{
                           "type":["string","null"],
                           "maxLength":4,
                           "pattern":"^[0-9]+$"
                        },
                        "crdAccptBusCode":{
                           "type":["string","null"],
                           "maxLength":4,
                           "pattern":"^[0-9]+$"
                        },
                        "apprvCdeLgth":{
                           "type":["string","null"],
                           "maxLength":1,
                           "pattern":"^[0-9]+$"
                        },
                        "reconDate":{
                           "type":["string","null"],
                           "maxLength":6,
                           "pattern":"^[0-9]+$"
                        },
                        "reconInd":{
                           "type":["string","null"],
                           "maxLength":3,
                           "pattern":"^[0-9]+$"
                        },
                        "origAmts":{
                           "type":["string","null"],
                           "maxLength":24,
                           "pattern":"^[0-9]+$"
                        },
                      
                       
                        "panExtended":{
                           "type":["string","null"],
                           "maxLength":28
                        },
                        "track2Data":{
                           "type":["string","null"],
                           "maxLength":37
                        },
                        "track3Data":{
                           "type":["string","null"],
                           "maxLength":104
                        },
                        "rrn":{
                           "type":["string"],
                           "minLength":1,
                           "maxLength":12,
                           "pattern":"^[0-9a-zA-Z]+$"
                        },
                        "responseCode":{
                           "type":["string","null"],
                           "minLength":1,
                           "maxLength":3,
                           "pattern":"^[0-9]+$"
                        },
                        "ServiceCode":{
                           "type":["string","null"],
                           "maxLength":3,
                           "pattern":"^[0-9]+$"
                        },
                        "crdAccptTermId":{
                           "type":["string","null"],
                           "minLength":1,
                           "maxLength":16,
                           "pattern":"^[0-9a-zA-Z]+$"
                        },
                        "crdAccptIdentificationCde":{
                           "type":["string","null"],
                           "maxLength":15,
                           "pattern":"^[0-9a-zA-Z]+$"
                        },
                        "crdAccptNameLoc":{
                           "type": "object",
                           "properties":{
                              "name":{
                                 "type":["string","null"],
                                 "pattern":"^[0-9a-zA-Z]+$"
                              },
                              "street":{
                                 "type":["string","null"]
                              },
                              "city":{
                                 "type":["string","null"],
                                 "pattern":"^[0-9a-zA-Z]+$"
                              },
                              "postalCode":{
                                 "type":["string","null"],
                                 "maxLength":10,
                                 "pattern":"^[0-9a-zA-Z]+$"
                              },
                              "region":{
                                 "type":["string","null"],
                                 "maxLength":3,
                                 "pattern":"^[0-9a-zA-Z]+$"
                              },
                              "cntryCode":{
                                 "type":["string","null"],
                                 "maxLength":3,
                                 "pattern":"^[0-9a-zA-Z]+$"
                              }
                           },
                           "additionalProperties":true
                        },
                        "addlRespData":{
                           "type": "object",
                           "properties":{
                              "rsnCode":{
                                 "type":["string","null"],
                                 "maxLength":1,
                                 "pattern":"^[0-9a-zA-Z]+$"
                              },
                              "addrVrfnRsltCode":{
                                 "type":["string","null"],
                                 "maxLength":1,
                                 "pattern":"^[0-9a-zA-Z]+$"
                              },
                              "addnlTknRespInfo":{
                                 "type":["string","null"],
                                 "maxLength":1,
                                 "pattern":"^[0-9a-zA-Z]+$"
                              },
                              "extnSTIPRsnCode":{
                                 "type":["string","null"],
                                 "maxLength":1,
                                 "pattern":"^[0-9a-zA-Z]+$"
                              },
                              "cvvRsltsCode":{
                                 "type":["string","null"],
                                 "maxLength":1,
                                 "pattern":"^[0-9a-zA-Z]+$"
                              },
                              "pacmDiversionLvlCode":{
                                 "type":["string","null"],
                                 "maxLength":2,
                                 "pattern":"^[0-9a-zA-Z]+$"
                              },
                              "pacmDiversionRsnCode":{
                                 "type":["string","null"],
                                 "maxLength":1,
                                 "pattern":"^[0-9a-zA-Z]+$"
                              },
                              "crdAuthenRsltsCode":{
                                 "type":["string","null"],
                                 "maxLength":1,
                                 "pattern":"^[0-9a-zA-Z]+$"
                              },
                              "cvv2RsltCode":{
                                 "type":["string","null"],
                                 "maxLength":1,
                                 "pattern":"^[0-9a-zA-Z]+$"
                              },
                              "cavvRsltsCode":{
                                 "type":["string","null"],
                                 "maxLength":1,
                                 "pattern":"^[0-9a-zA-Z]+$"
                              },
                              "respRsnCode":{
                                 "type":["string","null"],
                                 "maxLength":4,
                                 "pattern":"^[0-9a-zA-Z]+$"
                              },
                              "panL4DFR":{
                                 "type":["string","null"],
                                 "maxLength":4,
                                 "pattern":"^[0-9a-zA-Z]+$"
                              }
                           },
                           "additionalProperties":true
                        },
                        "track1Data":{
                           "type":["string","null"],
                           "maxLength":76
                        },
                        "amtFees":{
                           "type":["string","null"],
                           "maxLength":204
                        },
                        "addlDataPDE":{
                           "type": "object",
                           "properties":{
                              "tcc":{
                                 "type":["string","null"],
                                 "maxLength":1,
                                 "pattern":"^[0-9a-zA-Z]+$"
                              },
                              "crdhldrVfnMthd":{
                                 "type":["string","null"],
                                 "maxLength":1,
                                 "pattern":"^[0-9a-zA-Z]+$"
                              },
                              "ecomInd":{
                                 "type":["string","null"],
                                 "maxLength":7,
                                 "pattern":"^[0-9]+$"
                              },
                              "posDataExtndCondCode":{
                                 "type":["string","null"],
                                 "maxLength":5,
                                 "pattern":"^[0-9]+$"
                              },
                              "onBehalfSrvs":{
                                 "type":["string","null"],
                                 "maxLength":40,
                                 "pattern":"^[0-9a-zA-Z]+$"
                              },
                              "pmntTxnTypeInd":{
                                 "type":["string","null"],
                                 "maxLength":3,
                                 "pattern":"^[0-9a-zA-Z]+$"
                              },
                              "pinSrvCode":{
                                 "type":["string","null"],
                                 "maxLength":2,
                                 "pattern":"^[0-9a-zA-Z]+$"
                              },
                              "avsResp":{
                                 "type":["string","null"],
                                 "maxLength":1,
                                 "pattern":"^[0-9a-zA-Z]+$"
                              },
                              "cvc2Resp":{
                                 "type":["string","null"],
                                 "maxLength":1,
                                 "pattern":"^[0-9a-zA-Z]+$"
                              },
                              "installmentPmntTerms":{
                                 "type":["string","null"],
                                 "maxLength":10,
                                 "pattern":"^[0-9a-zA-Z]+$"
                              },
                              "partialApprvlInd":{
                                 "type":["string","null"],
                                 "maxLength":10,
                                 "pattern":"^[0-9a-zA-Z]+$"
                              }
                           },
                           "additionalProperties":true
                        },
                        "txnCrncyCode":{
                           "type":["string","null"],
                           "minLength":1,
                           "maxLength":3,
                           "pattern":"^[0-9]+$"
                        },
                        "reconCrncyCode":{
                           "type":["string","null"],
                           "maxLength":3,
                           "pattern":"^[0-9]+$"
                        },
                        "chbCrncyCode":{
                           "type":["string","null"],
                           "maxLength":3,
                           "pattern":"^[0-9]+$"
                        },
                        "pinData":{
                           "type":["string","null"],
                           "maxLength":16,
                           "pattern":"^[0-9a-zA-Z]+$"
                        },
                        "additionalAmts":{
                           "type":["string","null"],
                           "maxLength":120
                        },
                        "emvData":{
                           "type":["string","null"],
                           "maxLength":510
                        },
                        "origDE":{
                           "type":["string","null"],
                           "maxLength":35
                        },
                        "origMTI":{
                           "type":["string","null"],
                           "maxLength":4,
                           "pattern":"^[0-9]+$"
                        },
                        "origStan":{
                           "type":["string","null"],
                           "maxLength":6,
                           "pattern":"^[0-9]+$"
                        },
                        "OrigDatTimLocalTxn":{
                           "type":["string","null"],
                           "maxLength":12,
                           "pattern":"^[0-9]+$"
                        },
                        "OrigAcqInstIdentCode":{
                           "type":["string","null"],
                           "maxLength":11
                        },
                        "authLifeCycleCode":{
                           "type":["string","null"],
                           "maxLength":3,
                           "pattern":"^[0-9]+$"
                        },
                        "authAgentInstIdCode":{
                           "type":["string","null"],
                           "maxLength":11
                        },
                        "transportData":{
                           "type":["string","null"],
                           "maxLength":999
                        },
                        "VisaAddnlPOSInfo":{
                           "type": "object",
                           "properties":{
                              "termType":{
                                 "type":["string","null"],
                                 "maxLength":1,
                                 "pattern":"^[0-9a-zA-Z]+$"
                              },
                              "termEntryCapability":{
                                 "type":["string","null"],
                                 "maxLength":1,
                                 "pattern":"^[0-9a-zA-Z]+$"
                              },
                              "chipCondCodes":{
                                 "type":["string","null"],
                                 "maxLength":1,
                                 "pattern":"^[0-9a-zA-Z]+$"
                              },
                              "splCondInd":{
                                 "type":["string","null"],
                                 "maxLength":1,
                                 "pattern":"^[0-9a-zA-Z]+$"
                              },
                              "chipTxnInd":{
                                 "type":["string","null"],
                                 "maxLength":1,
                                 "pattern":"^[0-9a-zA-Z]+$"
                              },
                              "chipCrdAuthRelInd":{
                                 "type":["string","null"],
                                 "maxLength":1,
                                 "pattern":"^[0-9a-zA-Z]+$"
                              },
                              "motoEcomInd":{
                                 "type":["string","null"],
                                 "maxLength":2,
                                 "pattern":"^[0-9a-zA-Z]+$"
                              },
                              "crdhldrIDMthdInd":{
                                 "type":["string","null"],
                                 "maxLength":1,
                                 "pattern":"^[0-9a-zA-Z]+$"
                              },
                              "addnlAuthInds":{
                                 "type":["string","null"],
                                 "maxLength":1,
                                 "pattern":"^[0-9a-zA-Z]+$"
                              }
                           },
                           "additionalProperties":true
                        },
                        "de60":{
                           "type": "object",
                           "properties":{
                              "rvslCode":{
                                 "type":["string","null"],
                                 "maxLength":4,
                                 "pattern":"^[0-9a-zA-Z]+$"
                              }
                           },
                           "additionalProperties":true
                        },
                        "de61":{
                           "type": "object",
                           "properties":{
                              "posTermAttendance":{
                                 "type":["string","null"],
                                 "maxLength":1,
                                 "pattern":"^[0-9]+$"
                              },
                              "posTermLoc":{
                                 "type":["string","null"],
                                 "maxLength":1,
                                 "pattern":"^[0-9]+$"
                              },
                              "posCrdhldrPrsnce":{
                                 "type":["string","null"],
                                 "maxLength":1,
                                 "pattern":"^[0-9a-zA-Z]+$"
                              },
                              "posCrdPrsnce":{
                                 "type":["string","null"],
                                 "maxLength":1,
                                 "pattern":"^[0-9]+$"
                              },
                              "posCrdCaptCap":{
                                 "type":["string","null"],
                                 "maxLength":1,
                                 "pattern":"^[0-9]+$"
                              },
                              "posTxnSec":{
                                 "type":["string","null"],
                                 "maxLength":1,
                                 "pattern":"^[0-9]+$"
                              },
                              "catLevel":{
                                 "type":["string","null"],
                                 "maxLength":1,
                                 "pattern":"^[0-9]+$"
                              },
                              "posCrdDataTermInputCap":{
                                 "type":["string","null"],
                                 "maxLength":1,
                                 "pattern":"^[0-9]+$"
                              }
                           },
                           "additionalProperties":true
                        },
                        "primRsvdPriv":{
                           "type": "object",
                           "properties":{
                              "de62Bitmap":{
                                 "type":["string","null"],
                                 "maxLength":16,
                                 "pattern":"^[0-9a-zA-Z]+$"
                              },
							  "authCharInd":{
                                 "type":["string","null"],
                                 "maxLength":1,
                                 "pattern":"^[0-9a-zA-Z]+$"
                              },
                              "tranInd":{
                                 "type":["string","null"],
                                 "maxLength":15,
                                 "pattern":"^[0-9]+$"
                              },
                              "valCode":{
                                 "type":["string","null"],
                                 "maxLength":4,
                                 "pattern":"^[0-9a-zA-Z]+$"
                              },
                              "mktSpecDataIdent":{
                                 "type":["string","null"],
                                 "maxLength":1,
                                 "pattern":"^[0-9a-zA-Z]+$"
                              },
                              "duration":{
                                 "type":["string","null"],
                                 "pattern":"^[0-9a-zA-Z]+$"
                              },
                              "rsvd":{
                                 "type":["string","null"],
                                 "pattern":"^[0-9a-zA-Z]+$"
                              },
                              "purchIdent":{
                                 "type":["string","null"],
                                 "pattern":"^[0-9a-zA-Z]+$"
                              },
                              "gatewayTxnIdent":{
                                 "type":["string","null"],
                                 "pattern":"^[0-9a-zA-Z]+$"
                              },
                              "merchVrfnValue":{
                                 "type":["string","null"],
                                 "maxLength":10,
                                 "pattern":"^[0-9]+$"
                              },
                              "onlRiskAsessRiskScoreRsnCde":{
                                 "type":["string","null"],
                                 "maxLength":4,
                                 "pattern":"^[0-9a-zA-Z]+$"
                              },
                              "onlRiskAsessCondCde":{
                                 "type":["string","null"],
                                 "maxLength":6,
                                 "pattern":"^[0-9a-zA-Z]+$"
                              },
                              "prodId":{
                                 "type":["string","null"],
                                 "maxLength":2,
                                 "pattern":"^[0-9a-zA-Z]+$"
                              },
                              "progIdentifier":{
                                 "type":["string","null"],
                                 "maxLength":6,
                                 "pattern":"^[0-9a-zA-Z]+$"
                              },
                              "spndQualInd":{
                                 "type":["string","null"],
                                 "maxLength":1,
                                 "pattern":"^[0-9a-zA-Z]+$"
                              },
                              "acctStatus":{
                                 "type":["string","null"],
                                 "maxLength":1,
                                 "pattern":"^[0-9a-zA-Z]+$"
                              }
                           },
                           "additionalProperties":true
                        },
                        "vipPrivUseFld":{
                           "type": "object",
                           "properties":{
                              "rvslCode":{
                                 "type":["string","null"],
                                 "maxLength":4,
                                 "pattern":"^[0-9a-zA-Z]+$"
                              },
                              "stip":{
                                 "type":["string","null"],
                                 "maxLength":4,
                                 "pattern":"^[0-9]+$"
                              },
                              "feePrgmInd":{
                                 "type":["string","null"],
                                 "maxLength":3,
                                 "pattern":"^[0-9a-zA-Z]+$"
                              }
                           },
                           "additionalProperties":true
                        },
                        "de63":{
                           "type": "object",
                           "properties":{
                              "finNtwkCode":{
                                 "type":["string","null"],
                                 "maxLength":3,
                                 "pattern":"^[0-9a-zA-Z]+$"
                              },
                              "bnetRefNum":{
                                 "type":["string","null"],
                                 "maxLength":9,
                                 "pattern":"^[0-9a-zA-Z]+$"
                              }
                           },
                           "additionalProperties":true
                        },
                        "visaPvtUseFlds":{
                           "type": "object",
                           "properties":{
                              "srvInd":{
                                 "type":["string","null"],
                                 "maxLength":24,
                                 "pattern":"^[0-9]+$"
                              },
                              "posEnv":{
                                 "type":["string","null"],
                                 "maxLength":1,
                                 "pattern":"^[0-9a-zA-Z]+$"
                              },
                              "dcci":{
                                 "type":["string","null"],
                                 "maxLength":1,
                                 "pattern":"^[0-9a-zA-Z]+$"
                              }
                           },
                           "additionalProperties":true
                        },
						"visaAddnlPOSInfo":{
                           "type": "object",
                           "properties":{
                              "termType":{
                                 "type":["string","null"],
                                 "maxLength":1,
                                 "pattern":"^[0-9a-zA-Z]+$"
                              },
                              "termEntryCapability":{
                                 "type":["string","null"],
                                 "maxLength":1,
                                 "pattern":"^[0-9a-zA-Z]+$"
                              },
                              "chipCondCodes":{
                                 "type":["string","null"],
                                 "maxLength":1,
                                 "pattern":"^[0-9a-zA-Z]+$"
                              },
                              "splCondInd":{
                                 "type":["string","null"],
                                 "maxLength":1,
                                 "pattern":"^[0-9a-zA-Z]+$"
                              },
                              "chipTxnInd":{
                                 "type":["string","null"],
                                 "maxLength":1,
                                 "pattern":"^[0-9a-zA-Z]+$"
                              },
                              "chipCrdAuthRelInd":{
                                 "type":["string","null"],
                                 "maxLength":1,
                                 "pattern":"^[0-9a-zA-Z]+$"
                              },
                              "motoEcomInd":{
                                 "type":["string","null"],
                                 "maxLength":2,
                                 "pattern":"^[0-9a-zA-Z]+$"
                              },
                              "crdhldrIDMthdInd":{
                                 "type":["string","null"],
                                 "maxLength":1,
                                 "pattern":"^[0-9a-zA-Z]+$"
                              },
                              "addnlAuthInds":{
                                 "type":["string","null"],
                                 "maxLength":1,
                                 "pattern":"^[0-9a-zA-Z]+$"
                              }
                           },
                           "additionalProperties":true
                        },
						"primMsgAuthenCode":{
                           "type":["string","null"],
                           "maxLength":16,
                           "pattern":"^[0-9a-zA-Z]+$"
                        },
                        "extPymntData":{
                           "type":["string","null"],
                           "maxLength":2,
                           "pattern":"^[0-9]+$"
                        },
                        "rcvngInstCntryCode":{
                           "type":["string","null"],
                           "maxLength":3,
                           "pattern":"^[0-9]+$"
                        },
                        "authAgentInstCntryCode":{
                           "type":["string","null"],
                           "maxLength":3,
                           "pattern":"^[0-9]+$"
                        },
                        "msgNo":{
                           "type":["string","null"],
                           "maxLength":8,
                           "pattern":"^[0-9]+$"
                        },
                        "dataRecord":{
                           "type":["string","null"],
                           "maxLength":999
                        },
                        "txnDestInstIdentCode":{
                           "type":["string","null"],
                           "maxLength":11
                        },
                        "txnOrigInstIdentCode":{
                           "type":["string","null"],
                           "maxLength":11
                        },
                        "keyMgmtData":{
                           "type":["string","null"],
                           "maxLength":67
                        },
                        "rcvngInstIdentCode":{
                           "type":["string","null"],
                           "maxLength":11
                        },
                        "fromAcctNo":{
                           "type":["string","null"],
                           "maxLength":28
                        },
                        "toAcctNo":{
                           "type":["string","null"],
                           "maxLength":28
                        },
                        "rsvdPrvtUse123":{
                           "type":["string","null"],
                           "maxLength":999
                        },
                        "rsvdPrvtUse127":{
                           "type":["string","null"],
                           "maxLength":9999
                        },
                        "secMAC":{
                           "type":["string","null"],
                           "maxLength":16,
                           "pattern":"^[0-9a-zA-Z]+$"
                        }
                     },
                     "required":[
                        "responseCode",
                        "crdAccptTermId",
                        "rrn",
                        "txnAmt",
                        "procCode",
                        "transmissionDateTime",
                        "localDateTime",
                        "merchType",
                        "txnCrncyCode"
                     ],
                     "additionalProperties":true
                  },
                  "DB":{
                     "type": "object",
                     "properties":{
                        "merchID":{
                           "type":["string","null"],
                           "minLength":1,
                           "maxLength":15
                        },
                        "merchBusinessName":{
                           "type":["string","null"],
                           "minLength":1,
                           "maxLength":128
                        },
                        "merchWebURL":{
                           "type":["string","null"],
                           "maxLength":1024
                        },
                        "merchAddr1":{
                           "type":["string","null"],
                           "minLength":1,
                           "maxLength":1024
                        },
                        "merchPostalCode":{
                           "type":["string","null"],
                           "maxLength":64
                        },
                        "merchCity":{
                           "type":["string","null"],
                           "maxLength":64
                        },
                        "merchState":{
                           "type":["string","null"],
                           "maxLength":64
                        },
                        "merchCntry":{
                           "type":["string","null"],
                           "maxLength":64
                        },
                        "merchMobileNo":{
                           "type":["string","null"],
                           "maxLength":10
                        },
                        "merchEmailID":{
                           "type":["string","null"],
                           "maxLength":256
                        },
                        "merchCrncyCde":{
                           "type":["string","null"],
                           "maxLength":3
                        },
                        "merchCntryCde":{
                           "type":["string","null"],
                           "maxLength":3
                        },
                        "merchEnableEMI":{
                           "type":["string","null"],
                           "maxLength":1
                        },
                        "merchBusinessAddr":{
                           "type":["string","null"],
                           "maxLength":1024
                        },
                        "paymentInstrument":{
                           "type":["string","null"],
                           "minLength":1,
                           "maxLength":64
                        },
                        "interchangeID":{
                           "type":["string","null"],
                           "minLength":1,
                           "maxLength":64
                        },
                        "transactionMode":{
                           "type":["string","null"],
                           "minLength":1,
                           "maxLength":64
                        },
                        "payeeName":{
                           "type":["string","null"],
                           "maxLength":128
                        },
                        "payeeVPA":{
                           "type":["string","null"],
                           "maxLength":64
                        },
                        "cardCountryCode":{
                           "type":["string","null"],
                           "maxLength":3
                        }
                     },
                     "required":[
                        "paymentInstrument",
                        "interchangeID",
                        "merchAddr1",
                        "merchID",
                        "merchBusinessName"
                     ],
                     "additionalProperties":true
                  },
                  "AddnlFlds":{
                     "type": "object",
                     "properties":{
                        "urn":{
                           "type":["string","null"],
                           "minLength":1,
                           "maxLength":12
                        },
                        "channel":{
                           "type":["string","null"],
                           "minLength":1,
                           "maxLength":16
                        },
                        "txnSrc":{
                           "type":["string","null"],
                           "minLength":1,
                           "maxLength":16
                        },
                        "invoiceNum":{
                           "type":["string","null"],
                           "maxLength":20
                        },
                        "batchNum":{
                           "type":["string","null"],
                           "maxLength":20
                        },
                        "dccCrncy":{
                           "type":["string","null"],
                           "maxLength":3
                        },
                        "dccAmt":{
                           "type":["string","null"],
                           "maxLength":14
                        },
                        "dccConvRate":{
                           "type":["string","null"],
                           "maxLength":10
                        },
                        "dccConvMarkUpRate":{
                           "type":["string","null"],
                           "maxLength":10
                        },
                        "pgPmntId":{
                           "type":["string","null"],
                           "minLength":1,
                           "maxLength":18
                        },
                        "merchTrackId":{
                           "type":["string","null"],
                           "minLength":1,
                           "maxLength":15
                        },
                        "pgTxnID":{
                           "type":["string","null"],
                           "minLength":1,
                           "maxLength":15
                        },
                        "pmntMthdIden":{
                           "type":["string","null"],
                           "maxLength":5
                        },
                        "pmntMthdAggrIden":{
                           "type":["string","null"],
                           "maxLength":30
                        },
                        "pmntMthdAggrTranID":{
                           "type":["string","null"],
                           "maxLength":56
                        },
                        "authEntity":{
                           "type":["string","null"],
                           "maxLength":3
                        },
                        "authSrc":{
                           "type":["string","null"],
                           "maxLength":1
                        },
                        "tranID":{
                           "type":["string","null"],
                           "maxLength":15
                        },
                        "authCode":{
                           "type":["string","null"],
                           "maxLength":6
                        },
                        "rqstRcvdTime":{
                           "type":["string","null"],
                           "maxLength":6
                        },
                        "rqstSentTime":{
                           "type":["string","null"],
                           "maxLength":6
                        },
                        "respRcvdTime":{
                           "type":["string","null"],
                           "maxLength":6
                        },
                        "respSentTime":{
                           "type":["string","null"],
                           "maxLength":6
                        },
                        "brandID":{
                           "type":["string","null"],
                           "maxLength":16
                        },
                        "langID":{
                           "type":["string","null"],
                           "maxLength":16
                        },
                       
                        "merchPmntInitTim":{
                           "type":["string","null"],
                           "minLength":1,
                           "maxLength":10,
                           "pattern":"^[0-9]+$"
                        },
                        "merchPmntRespTim":{
                           "type":["string","null"],
                           "maxLength":10,
                           "pattern":"^[0-9]+$"
                        },
                        "crdHldrName":{
                           "type":["string","null"],
                           "maxLength":100
                        },
                        "emiFlag":{
                           "type":["string","null"],
                           "maxLength":1
                        },
                        "udf1":{
                           "type":["string",
                              "null"
                           ],
                           "maxLength":255
                        },
                        "udf2":{
                           "type":[
                              "string",
                              "null"
                           ],
                           "maxLength":255
                        },
                        "udf3":{
                           "type":[
                              "string",
                              "null"
                           ],
                           "maxLength":255
                        },
                        "udf4":{
                           "type":[
                              "string",
                              "null"
                           ],
                           "maxLength":255
                        },
                        "udf5":{
                           "type":[
                              "string",
                              "null"
                           ],
                           "maxLength":255
                        },
                        "udf6":{
                           "type":[
                              "string",
                              "null"
                           ],
                           "maxLength":255
                        },
                        "udf7":{
                           "type":[
                              "string",
                              "null"
                           ],
                           "maxLength":255
                        },
                        "udf8":{
                           "type":[
                              "string",
                              "null"
                           ],
                           "maxLength":255
                        },
                        "udf9":{
                           "type":[
                              "string",
                              "null"
                           ],
                           "maxLength":255
                        },
                        "udf10":{
                           "type":[
                              "string",
                              "null"
                           ],
                           "maxLength":255
                        },
                        "udf11":{
                           "type":[
                              "string",
                              "null"
                           ],
                           "maxLength":255
                        },
                        "udf12":{
                           "type":[
                              "string",
                              "null"
                           ],
                           "maxLength":255
                        },
                        "udf13":{
                           "type":[
                              "string",
                              "null"
                           ],
                           "maxLength":255
                        },
                        "udf14":{
                           "type":[
                              "string",
                              "null"
                           ],
                           "maxLength":255
                        },
                        "udf15":{
                           "type":[
                              "string",
                              "null"
                           ],
                           "maxLength":255
                        },
                        "udf16":{
                           "type":[
                              "string",
                              "null"
                           ],
                           "maxLength":255
                        },
                        "udf17":{
                           "type":[
                              "string",
                              "null"
                           ],
                           "maxLength":255
                        },
                        "udf18":{
                           "type":[
                              "string",
                              "null"
                           ],
                           "maxLength":255
                        },
                        "udf19":{
                           "type":[
                              "string",
                              "null"
                           ],
                           "maxLength":255
                        },
                        "udf20":{
                           "type":[
                              "string",
                              "null"
                           ],
                           "maxLength":255
                        },
                        "udf21":{
                           "type":[
                              "string",
                              "null"
                           ],
                           "maxLength":255
                        },
                        "udf22":{
                           "type":[
                              "string",
                              "null"
                           ],
                           "maxLength":255
                        },
                        "udf23":{
                           "type":[
                              "string",
                              "null"
                           ],
                           "maxLength":255
                        },
                        "udf24":{
                           "type":[
                              "string",
                              "null"
                           ],
                           "maxLength":255
                        },
                        "udf25":{
                           "type":[
                              "string",
                              "null"
                           ],
                           "maxLength":255
                        },
                        "udf26":{
                           "type":[
                              "string",
                              "null"
                           ],
                           "maxLength":255
                        },
                        "udf27":{
                           "type":[
                              "string",
                              "null"
                           ],
                           "maxLength":255
                        },
                        "udf28":{
                           "type":[
                              "string",
                              "null"
                           ],
                           "maxLength":255
                        },
                        "udf29":{
                           "type":[
                              "string",
                              "null"
                           ],
                           "maxLength":255
                        },
                        "udf30":{
                           "type":[
                              "string",
                              "null"
                           ],
                           "maxLength":255
                        },
                        "udf31":{
                           "type":[
                              "string",
                              "null"
                           ],
                           "maxLength":255
                        },
                        "udf32":{
                           "type":[
                              "string",
                              "null"
                           ],
                           "maxLength":255
                        },
                        "crdHldrSvcFee":{
                           "type":["string","null"],
                           "maxLength":9
                        },
                        "crdHldrSvcFeeAmt":{
                           "type":["string","null"],
                           "maxLength":9
                        },
                        "crdHldrFixedFeeCrncy":{
                           "type":["string","null"],
                           "maxLength":3
                        },
                        "crdHldrFixedFeeConvRateValue":{
                           "type":["string","null"],
                           "maxLength":3
                        },
                        "crdHldrFixedFeeAmt":{
                           "type":["string","null"],
                           "maxLength":9
                        },
                        "ttlCrdHldrFeeAmt":{
                           "type":["string","null"],
                           "maxLength":9
                        },
                        "crdHldrSvcFeeTaxType":{
                           "type":["string","null"],
                           "maxLength":3
                        },
                        "crdHldrSvcFeeTaxAmt":{
                           "type":["string","null"],
                           "maxLength":3
                        },
                        "storeCode":{
                           "type":["string","null"],
                           "minLength":1,
                           "maxLength":16
                        },
                        "actionCode":{
                           "type":["string","null"],
                           "minLength":1,
                           "maxLength":16
                        },
                        "payerName":{
                           "type":["string","null"],
                           "maxLength":128
                        },
                        "payerVPA":{
                           "type":["string","null"],
                           "maxLength":64
                        },
                        "npciTransId":{
                           "type":["string","null"],
                           "maxLength":35
                        },
                        "pspRefNo":{
                           "type":["string","null"],
                           "maxLength":18
                        },
                        "refundType":{
                           "type":[
                              "string",
                              "null"
                           ],
                           "maxLength":20
                        },
                        "balanceAmount":{
                           "type":[
                              "string",
                              "null"
                           ],
                           "maxLength":12
                        }
                     },
                     "required":[
                        "actionCode",
                        "storeCode",
                        "merchPmntInitTim",
                        "pgTxnID",
                        "merchTrackId",
                        "pgPmntId",
                        "urn",
                        "channel",
                        "txnSrc"
                     ],
                     "additionalProperties":true
                  }
               },
               "required":[
                  "StdFlds",
                  "DB",
                  "AddnlFlds"
               ],
               "additionalProperties":true
            }
         },
         "required":[
            "body",
            "tenantCode"
         ],
         "additionalProperties":true
      },
	  "time":{
         "type":["string","null"]
      },
      "specversion":{
         "type":["string","null"],
         "minLength":1
      },
      "subject":{
         "type":["string","null"],
         "minLength":1
      },
	   "data_base64":{
         "type":["string","null"]
      }
   },
   "required":[
      "id",
      "source"
   ],
   "additionalProperties":true
}